Title;releasedYear;genre;rating;Director
The Shawshank Redemption;1994;Drama;9.3;Frank Darabont
The Godfather;1972;Crime, Drama;9.2;Francis Ford Coppola
The Dark Knight;2008;Action, Crime, Drama;9;Christopher Nolan
The Godfather: Part II;1974;Crime, Drama;9;Francis Ford Coppola
12 Angry Men;1957;Crime, Drama;9;Sidney Lumet
The Lord of the Rings: The Return of the King;2003;Action, Adventure, Drama;8.9;Peter Jackson
Pulp Fiction;1994;Crime, Drama;8.9;Quentin Tarantino
Schindler's List;1993;Biography, Drama, History;8.9;Steven Spielberg
Inception;2010;Action, Adventure, Sci-Fi;8.8;Christopher Nolan
Fight Club;1999;Drama;8.8;David Fincher
The Lord of the Rings: The Fellowship of the Ring;2001;Action, Adventure, Drama;8.8;Peter Jackson
Forrest Gump;1994;Drama, Romance;8.8;Robert Zemeckis
Il buono, il brutto, il cattivo;1966;Western;8.8;Sergio Leone
The Lord of the Rings: The Two Towers;2002;Action, Adventure, Drama;8.7;Peter Jackson
The Matrix;1999;Action, Sci-Fi;8.7;Lana Wachowski
Goodfellas;1990;Biography, Crime, Drama;8.7;Martin Scorsese
Star Wars: Episode V - The Empire Strikes Back;1980;Action, Adventure, Fantasy;8.7;Irvin Kershner
One Flew Over the Cuckoo's Nest;1975;Drama;8.7;Milos Forman
Hamilton;2020;Biography, Drama, History;8.6;Thomas Kail
Gisaengchung;2019;Comedy, Drama, Thriller;8.6;Bong Joon Ho
Soorarai Pottru;2020;Drama;8.6;Sudha Kongara
Interstellar;2014;Adventure, Drama, Sci-Fi;8.6;Christopher Nolan
Cidade de Deus;2002;Crime, Drama;8.6;Fernando Meirelles
Sen to Chihiro no kamikakushi;2001;Animation, Adventure, Family;8.6;Hayao Miyazaki
Saving Private Ryan;1998;Drama, War;8.6;Steven Spielberg
The Green Mile;1999;Crime, Drama, Fantasy;8.6;Frank Darabont
La vita è bella;1997;Comedy, Drama, Romance;8.6;Roberto Benigni
Se7en;1995;Crime, Drama, Mystery;8.6;David Fincher
The Silence of the Lambs;1991;Crime, Drama, Thriller;8.6;Jonathan Demme
Star Wars;1977;Action, Adventure, Fantasy;8.6;George Lucas
Seppuku;1962;Action, Drama, Mystery;8.6;Masaki Kobayashi
Shichinin no samurai;1954;Action, Adventure, Drama;8.6;Akira Kurosawa
It's a Wonderful Life;1946;Drama, Family, Fantasy;8.6;Frank Capra
Joker;2019;Crime, Drama, Thriller;8.5;Todd Phillips
Whiplash;2014;Drama, Music;8.5;Damien Chazelle
The Intouchables;2011;Biography, Comedy, Drama;8.5;Olivier Nakache
The Prestige;2006;Drama, Mystery, Sci-Fi;8.5;Christopher Nolan
The Departed;2006;Crime, Drama, Thriller;8.5;Martin Scorsese
The Pianist;2002;Biography, Drama, Music;8.5;Roman Polanski
Gladiator;2000;Action, Adventure, Drama;8.5;Ridley Scott
American History X;1998;Drama;8.5;Tony Kaye
The Usual Suspects;1995;Crime, Mystery, Thriller;8.5;Bryan Singer
Léon;1994;Action, Crime, Drama;8.5;Luc Besson
The Lion King;1994;Animation, Adventure, Drama;8.5;Roger Allers
Terminator 2: Judgment Day;1991;Action, Sci-Fi;8.5;James Cameron
Nuovo Cinema Paradiso;1988;Drama, Romance;8.5;Giuseppe Tornatore
Hotaru no haka;1988;Animation, Drama, War;8.5;Isao Takahata
Back to the Future;1985;Adventure, Comedy, Sci-Fi;8.5;Robert Zemeckis
Once Upon a Time in the West;1968;Western;8.5;Sergio Leone
Psycho;1960;Horror, Mystery, Thriller;8.5;Alfred Hitchcock
Casablanca;1942;Drama, Romance, War;8.5;Michael Curtiz
Modern Times;1936;Comedy, Drama, Family;8.5;Charles Chaplin
City Lights;1931;Comedy, Drama, Romance;8.5;Charles Chaplin
Capharnaüm;2018;Drama;8.4;Nadine Labaki
Ayla: The Daughter of War;2017;Biography, Drama, History;8.4;Can Ulkay
Vikram Vedha;2017;Action, Crime, Drama;8.4;Gayatri
Kimi no na wa.;2016;Animation, Drama, Fantasy;8.4;Makoto Shinkai
Dangal;2016;Action, Biography, Drama;8.4;Nitesh Tiwari
Spider-Man: Into the Spider-Verse;2018;Animation, Action, Adventure;8.4;Bob Persichetti
Avengers: Endgame;2019;Action, Adventure, Drama;8.4;Anthony Russo
Avengers: Infinity War;2018;Action, Adventure, Sci-Fi;8.4;Anthony Russo
Coco;2017;Animation, Adventure, Family;8.4;Lee Unkrich
Django Unchained;2012;Drama, Western;8.4;Quentin Tarantino
The Dark Knight Rises;2012;Action, Adventure;8.4;Christopher Nolan
3 Idiots;2009;Comedy, Drama;8.4;Rajkumar Hirani
Taare Zameen Par;2007;Drama, Family;8.4;Aamir Khan
WALL·E;2008;Animation, Adventure, Family;8.4;Andrew Stanton
The Lives of Others;2006;Drama, Mystery, Thriller;8.4;Florian Henckel von Donnersmarck
Oldeuboi;2003;Action, Drama, Mystery;8.4;Chan-wook Park
Memento;2000;Mystery, Thriller;8.4;Christopher Nolan
Mononoke-hime;1997;Animation, Action, Adventure;8.4;Hayao Miyazaki
Once Upon a Time in America;1984;Crime, Drama;8.4;Sergio Leone
Raiders of the Lost Ark;1981;Action, Adventure;8.4;Steven Spielberg
The Shining;1980;Drama, Horror;8.4;Stanley Kubrick
Apocalypse Now;1979;Drama, Mystery, War;8.4;Francis Ford Coppola
Alien;1979;Horror, Sci-Fi;8.4;Ridley Scott
Anand;1971;Drama, Musical;8.4;Hrishikesh Mukherjee
Tengoku to jigoku;1963;Crime, Drama, Mystery;8.4;Akira Kurosawa
Dr. Strangelove or: How I Learned to Stop Worrying and Love the Bomb;1964;Comedy;8.4;Stanley Kubrick
Witness for the Prosecution;1957;Crime, Drama, Mystery;8.4;Billy Wilder
Paths of Glory;1957;Drama, War;8.4;Stanley Kubrick
Rear Window;1954;Mystery, Thriller;8.4;Alfred Hitchcock
Sunset Blvd.;1950;Drama, Film-Noir;8.4;Billy Wilder
The Great Dictator;1940;Comedy, Drama, War;8.4;Charles Chaplin
1917;2019;Drama, Thriller, War;8.3;Sam Mendes
Tumbbad;2018;Drama, Fantasy, Horror;8.3;Rahi Anil Barve
Andhadhun;2018;Crime, Drama, Music;8.3;Sriram Raghavan
Drishyam;2013;Crime, Drama, Thriller;8.3;Jeethu Joseph
Jagten;2012;Drama;8.3;Thomas Vinterberg
Jodaeiye Nader az Simin;2011;Drama;8.3;Asghar Farhadi
Incendies;2010;Drama, Mystery, War;8.3;Denis Villeneuve
Miracle in cell NO.7;2019;Drama;8.3;Mehmet Ada Öztekin
Babam ve Oglum;2005;Drama, Family;8.3;Çagan Irmak
Inglourious Basterds;2009;Adventure, Drama, War;8.3;Quentin Tarantino
Eternal Sunshine of the Spotless Mind;2004;Drama, Romance, Sci-Fi;8.3;Michel Gondry
Amélie;2001;Comedy, Romance;8.3;Jean-Pierre Jeunet
Snatch;2000;Comedy, Crime;8.3;Guy Ritchie
Requiem for a Dream;2000;Drama;8.3;Darren Aronofsky
American Beauty;1999;Drama;8.3;Sam Mendes
Good Will Hunting;1997;Drama, Romance;8.3;Gus Van Sant
Bacheha-Ye aseman;1997;Drama, Family, Sport;8.3;Majid Majidi
Toy Story;1995;Animation, Adventure, Comedy;8.3;John Lasseter
Braveheart;1995;Biography, Drama, History;8.3;Mel Gibson
Reservoir Dogs;1992;Crime, Drama, Thriller;8.3;Quentin Tarantino
Full Metal Jacket;1987;Drama, War;8.3;Stanley Kubrick
Idi i smotri;1985;Drama, Thriller, War;8.3;Elem Klimov
Aliens;1986;Action, Adventure, Sci-Fi;8.3;James Cameron
Amadeus;1984;Biography, Drama, History;8.3;Milos Forman
Scarface;1983;Crime, Drama;8.3;Brian De Palma
Star Wars: Episode VI - Return of the Jedi;1983;Action, Adventure, Fantasy;8.3;Richard Marquand
Das Boot;1981;Adventure, Drama, Thriller;8.3;
Taxi Driver;1976;Crime, Drama;8.3;Martin Scorsese
The Sting;1973;Comedy, Crime, Drama;8.3;George Roy Hill
A Clockwork Orange;1971;Crime, Drama, Sci-Fi;8.3;Stanley Kubrick
2001: A Space Odyssey;1968;Adventure, Sci-Fi;8.3;Stanley Kubrick
Per qualche dollaro in più;1965;Western;8.3;Sergio Leone
Lawrence of Arabia;1962;Adventure, Biography, Drama;8.3;David Lean
The Apartment;1960;Comedy, Drama, Romance;8.3;Billy Wilder
North by Northwest;1959;Adventure, Mystery, Thriller;8.3;Alfred Hitchcock
Vertigo;1958;Mystery, Romance, Thriller;8.3;Alfred Hitchcock
Singin' in the Rain;1952;Comedy, Musical, Romance;8.3;Stanley Donen
Ikiru;1952;Drama;8.3;Akira Kurosawa
Ladri di biciclette;1948;Drama;8.3;Vittorio De Sica
Double Indemnity;1944;Crime, Drama, Film-Noir;8.3;Billy Wilder
Citizen Kane;1941;Drama, Mystery;8.3;
M - Eine Stadt sucht einen Mörder;1931;Crime, Mystery, Thriller;8.3;Fritz Lang
Metropolis;1927;Drama, Sci-Fi;8.3;Fritz Lang
The Kid;1921;Comedy, Drama, Family;8.3;Charles Chaplin
Chhichhore;2019;Comedy, Drama;8.2;Nitesh Tiwari
Uri: The Surgical Strike;2018;Action, Drama, War;8.2;Aditya Dhar
K.G.F: Chapter 1;2018;Action, Drama;8.2;Prashanth Neel
Green Book;2018;Biography, Comedy, Drama;8.2;Peter Farrelly
Three Billboards Outside Ebbing, Missouri;2017;Comedy, Crime, Drama;8.2;Martin McDonagh
Talvar;2015;Crime, Drama, Mystery;8.2;Meghna Gulzar
Baahubali 2: The Conclusion;2017;Action, Drama;8.2;S.S. Rajamouli
Klaus;2019;Animation, Adventure, Comedy;8.2;Sergio Pablos
Drishyam;2015;Crime, Drama, Mystery;8.2;Nishikant Kamat
Queen;2013;Adventure, Comedy, Drama;8.2;Vikas Bahl
Mandariinid;2013;Drama, War;8.2;Zaza Urushadze
Bhaag Milkha Bhaag;2013;Biography, Drama, Sport;8.2;Rakeysh Omprakash Mehra
Gangs of Wasseypur;2012;Action, Comedy, Crime;8.2;Anurag Kashyap
Udaan;2010;Drama;8.2;Vikramaditya Motwane
Paan Singh Tomar;2012;Action, Biography, Crime;8.2;Tigmanshu Dhulia
El secreto de sus ojos;2009;Drama, Mystery, Romance;8.2;Juan José Campanella
Warrior;2011;Action, Drama, Sport;8.2;Gavin O'Connor
Shutter Island;2010;Mystery, Thriller;8.2;Martin Scorsese
Up;2009;Animation, Adventure, Comedy;8.2;Pete Docter
The Wolf of Wall Street;2013;Biography, Crime, Drama;8.2;Martin Scorsese
Chak De! India;2007;Drama, Family, Sport;8.2;Shimit Amin
There Will Be Blood;2007;Drama;8.2;Paul Thomas Anderson
Pan's Labyrinth;2006;Drama, Fantasy, War;8.2;Guillermo del Toro
Toy Story 3;2010;Animation, Adventure, Comedy;8.2;Lee Unkrich
V for Vendetta;2005;Action, Drama, Sci-Fi;8.2;James McTeigue
Rang De Basanti;2006;Comedy, Crime, Drama;8.2;Rakeysh Omprakash Mehra
Black;2005;Drama;8.2;Sanjay Leela Bhansali
Batman Begins;2005;Action, Adventure;8.2;Christopher Nolan
Swades: We, the People;2004;Drama;8.2;Ashutosh Gowariker
Der Untergang;2004;Biography, Drama, History;8.2;Oliver Hirschbiegel
Hauru no ugoku shiro;2004;Animation, Adventure, Family;8.2;Hayao Miyazaki
A Beautiful Mind;2001;Biography, Drama;8.2;Ron Howard
Hera Pheri;2000;Action, Comedy, Crime;8.2;Priyadarshan
Lock, Stock and Two Smoking Barrels;1998;Action, Comedy, Crime;8.2;Guy Ritchie
L.A. Confidential;1997;Crime, Drama, Mystery;8.2;Curtis Hanson
Eskiya;1996;Crime, Drama, Thriller;8.2;Yavuz Turgul
Heat;1995;Crime, Drama, Thriller;8.2;Michael Mann
Casino;1995;Crime, Drama;8.2;Martin Scorsese
Andaz Apna Apna;1994;Action, Comedy, Romance;8.2;Rajkumar Santoshi
Unforgiven;1992;Drama, Western;8.2;Clint Eastwood
Indiana Jones and the Last Crusade;1989;Action, Adventure;8.2;Steven Spielberg
Dom za vesanje;1988;Comedy, Crime, Drama;8.2;Emir Kusturica
Tonari no Totoro;1988;Animation, Family, Fantasy;8.2;Hayao Miyazaki
Die Hard;1988;Action, Thriller;8.2;John McTiernan
Ran;1985;Action, Drama, War;8.2;Akira Kurosawa
Raging Bull;1980;Biography, Drama, Sport;8.2;Martin Scorsese
Stalker;1979;Drama, Sci-Fi;8.2;Andrei Tarkovsky
Höstsonaten;1978;Drama, Music;8.2;Ingmar Bergman
The Message;1976;Biography, Drama, History;8.2;Moustapha Akkad
Sholay;1975;Action, Adventure, Comedy;8.2;Ramesh Sippy
Monty Python and the Holy Grail;1975;Adventure, Comedy, Fantasy;8.2;Terry Gilliam
The Great Escape;1963;Adventure, Drama, History;8.2;John Sturges
To Kill a Mockingbird;1962;Crime, Drama;8.2;Robert Mulligan
Yôjinbô;1961;Action, Drama, Thriller;8.2;Akira Kurosawa
Judgment at Nuremberg;1961;Drama, War;8.2;Stanley Kramer
Some Like It Hot;1959;Comedy, Music, Romance;8.2;Billy Wilder
Smultronstället;1957;Drama, Romance;8.2;Ingmar Bergman
Det sjunde inseglet;1957;Drama, Fantasy, History;8.2;Ingmar Bergman
Du rififi chez les hommes;1955;Crime, Drama, Thriller;8.2;Jules Dassin
Dial M for Murder;1954;Crime, Thriller;8.2;Alfred Hitchcock
Tôkyô monogatari;1953;Drama;8.2;Yasujirô Ozu
Rashômon;1950;Crime, Drama, Mystery;8.2;Akira Kurosawa
All About Eve;1950;Drama;8.2;Joseph L. Mankiewicz
The Treasure of the Sierra Madre;1948;Adventure, Drama, Western;8.2;John Huston
To Be or Not to Be;1942;Comedy, War;8.2;Ernst Lubitsch
The Gold Rush;1925;Adventure, Comedy, Drama;8.2;Charles Chaplin
Sherlock Jr.;1924;Action, Comedy, Romance;8.2;Buster Keaton
Portrait de la jeune fille en feu;2019;Drama, Romance;8.1;Céline Sciamma
Pink;2016;Drama, Thriller;8.1;Aniruddha Roy Chowdhury
Koe no katachi;2016;Animation, Drama, Family;8.1;Naoko Yamada
Contratiempo;2016;Crime, Drama, Mystery;8.1;Oriol Paulo
Ah-ga-ssi;2016;Drama, Romance, Thriller;8.1;Chan-wook Park
Mommy;2014;Drama;8.1;Xavier Dolan
Haider;2014;Action, Crime, Drama;8.1;Vishal Bhardwaj
Logan;2017;Action, Drama, Sci-Fi;8.1;James Mangold
Room;2015;Drama, Thriller;8.1;Lenny Abrahamson
Relatos salvajes;2014;Comedy, Drama, Thriller;8.1;Damián Szifron
Soul;2020;Animation, Adventure, Comedy;8.1;Pete Docter
Kis Uykusu;2014;Drama;8.1;Nuri Bilge Ceylan
PK;2014;Comedy, Drama, Musical;8.1;Rajkumar Hirani
OMG: Oh My God!;2012;Comedy, Drama, Fantasy;8.1;Umesh Shukla
The Grand Budapest Hotel;2014;Adventure, Comedy, Crime;8.1;Wes Anderson
Gone Girl;2014;Drama, Mystery, Thriller;8.1;David Fincher
Ôkami kodomo no Ame to Yuki;2012;Animation, Drama, Fantasy;8.1;Mamoru Hosoda
Hacksaw Ridge;2016;Biography, Drama, History;8.1;Mel Gibson
Inside Out;2015;Animation, Adventure, Comedy;8.1;Pete Docter
Barfi!;2012;Comedy, Drama, Romance;8.1;Anurag Basu
12 Years a Slave;2013;Biography, Drama, History;8.1;Steve McQueen
Rush;2013;Action, Biography, Drama;8.1;Ron Howard
Ford v Ferrari;2019;Action, Biography, Drama;8.1;James Mangold
Spotlight;2015;Biography, Crime, Drama;8.1;Tom McCarthy
Song of the Sea;2014;Animation, Adventure, Drama;8.1;Tomm Moore
Kahaani;2012;Mystery, Thriller;8.1;Sujoy Ghosh
Zindagi Na Milegi Dobara;2011;Comedy, Drama;8.1;Zoya Akhtar
Prisoners;2013;Crime, Drama, Mystery;8.1;Denis Villeneuve
Mad Max: Fury Road;2015;Action, Adventure, Sci-Fi;8.1;George Miller
A Wednesday;2008;Action, Crime, Drama;8.1;Neeraj Pandey
Gran Torino;2008;Drama;8.1;Clint Eastwood
Harry Potter and the Deathly Hallows: Part 2;2011;Adventure, Drama, Fantasy;8.1;David Yates
Okuribito;2008;Drama, Music;8.1;Yôjirô Takita
Hachi: A Dog's Tale;2009;Biography, Drama, Family;8.1;Lasse Hallström
Mary and Max;2009;Animation, Comedy, Drama;8.1;Adam Elliot
How to Train Your Dragon;2010;Animation, Action, Adventure;8.1;Dean DeBlois
Into the Wild;2007;Adventure, Biography, Drama;8.1;Sean Penn
No Country for Old Men;2007;Crime, Drama, Thriller;8.1;Ethan Coen
Lage Raho Munna Bhai;2006;Comedy, Drama, Romance;8.1;Rajkumar Hirani
Million Dollar Baby;2004;Drama, Sport;8.1;Clint Eastwood
Hotel Rwanda;2004;Biography, Drama, History;8.1;Terry George
Taegukgi hwinalrimyeo;2004;Action, Drama, War;8.1;Je-kyu Kang
Before Sunset;2004;Drama, Romance;8.1;Richard Linklater
Munna Bhai M.B.B.S.;2003;Comedy, Drama, Musical;8.1;Rajkumar Hirani
Salinui chueok;2003;Crime, Drama, Mystery;8.1;Bong Joon Ho
Dil Chahta Hai;2001;Comedy, Drama, Romance;8.1;Farhan Akhtar
Kill Bill: Vol. 1;2003;Action, Crime, Drama;8.1;Quentin Tarantino
Finding Nemo;2003;Animation, Adventure, Comedy;8.1;Andrew Stanton
Catch Me If You Can;2002;Biography, Crime, Drama;8.1;Steven Spielberg
Amores perros;2000;Drama, Thriller;8.1;Alejandro G. Iñárritu
Monsters, Inc.;2001;Animation, Adventure, Comedy;8.1;Pete Docter
Shin seiki Evangelion Gekijô-ban: Air/Magokoro wo, kimi ni;1997;Animation, Action, Drama;8.1;Hideaki Anno
Lagaan: Once Upon a Time in India;2001;Adventure, Drama, Musical;8.1;Ashutosh Gowariker
The Sixth Sense;1999;Drama, Mystery, Thriller;8.1;M. Night Shyamalan
La leggenda del pianista sull'oceano;1998;Drama, Music, Romance;8.1;Giuseppe Tornatore
The Truman Show;1998;Comedy, Drama;8.1;Peter Weir
Crna macka, beli macor;1998;Comedy, Crime, Romance;8.1;Emir Kusturica
The Big Lebowski;1998;Comedy, Crime, Sport;8.1;Joel Coen
Fa yeung nin wah;2000;Drama, Romance;8.1;Kar-Wai Wong
Trainspotting;1996;Drama;8.1;Danny Boyle
Fargo;1996;Crime, Drama, Thriller;8.1;Joel Coen
Underground;1995;Comedy, Drama, War;8.1;Emir Kusturica
La haine;1995;Crime, Drama;8.1;Mathieu Kassovitz
Dilwale Dulhania Le Jayenge;1995;Drama, Romance;8.1;Aditya Chopra
Before Sunrise;1995;Drama, Romance;8.1;Richard Linklater
Trois couleurs: Rouge;1994;Drama, Mystery, Romance;8.1;Krzysztof Kieslowski
Chung Hing sam lam;1994;Comedy, Crime, Drama;8.1;Kar-Wai Wong
Jurassic Park;1993;Action, Adventure, Sci-Fi;8.1;Steven Spielberg
In the Name of the Father;1993;Biography, Crime, Drama;8.1;Jim Sheridan
Ba wang bie ji;1993;Drama, Music, Romance;8.1;Kaige Chen
Dà hóng denglong gaogao guà;1991;Drama, History, Romance;8.1;Yimou Zhang
Dead Poets Society;1989;Comedy, Drama;8.1;Peter Weir
Stand by Me;1986;Adventure, Drama;8.1;Rob Reiner
Platoon;1986;Drama, War;8.1;Oliver Stone
Paris, Texas;1984;Drama;8.1;Wim Wenders
Kaze no tani no Naushika;1984;Animation, Adventure, Fantasy;8.1;Hayao Miyazaki
The Thing;1982;Horror, Mystery, Sci-Fi;8.1;John Carpenter
Pink Floyd: The Wall;1982;Drama, Fantasy, Music;8.1;Alan Parker
Fitzcarraldo;1982;Adventure, Drama;8.1;Werner Herzog
Fanny och Alexander;1982;Drama;8.1;Ingmar Bergman
Blade Runner;1982;Action, Sci-Fi, Thriller;8.1;Ridley Scott
The Elephant Man;1980;Biography, Drama;8.1;David Lynch
Life of Brian;1979;Comedy;8.1;Terry Jones
The Deer Hunter;1978;Drama, War;8.1;Michael Cimino
Rocky;1976;Drama, Sport;8.1;John G. Avildsen
Network;1976;Drama;8.1;Sidney Lumet
Barry Lyndon;1975;Adventure, Drama, History;8.1;Stanley Kubrick
Zerkalo;1975;Biography, Drama;8.1;Andrei Tarkovsky
Chinatown;1974;Drama, Mystery, Thriller;8.1;Roman Polanski
Paper Moon;1973;Comedy, Crime, Drama;8.1;Peter Bogdanovich
Viskningar och rop;1972;Drama;8.1;Ingmar Bergman
Solaris;1972;Drama, Mystery, Sci-Fi;8.1;Andrei Tarkovsky
Le samouraï;1967;Crime, Drama, Mystery;8.1;Jean-Pierre Melville
Cool Hand Luke;1967;Crime, Drama;8.1;Stuart Rosenberg
Persona;1966;Drama, Thriller;8.1;Ingmar Bergman
Andrei Rublev;1966;Biography, Drama, History;8.1;Andrei Tarkovsky
La battaglia di Algeri;1966;Drama, War;8.1;Gillo Pontecorvo
El ángel exterminador;1962;Drama, Fantasy;8.1;Luis Buñuel
What Ever Happened to Baby Jane?;1962;Drama, Horror, Thriller;8.1;Robert Aldrich
Sanjuro;1962;Action, Comedy, Crime;8.1;Akira Kurosawa
The Man Who Shot Liberty Valance;1962;Drama, Western;8.1;John Ford
Ivanovo detstvo;1962;Drama, War;8.1;Andrei Tarkovsky
Jungfrukällan;1960;Drama;8.1;Ingmar Bergman
Inherit the Wind;1960;Biography, Drama, History;8.1;Stanley Kramer
Les quatre cents coups;1959;Crime, Drama;8.1;François Truffaut
Ben-Hur;1959;Adventure, Drama, History;8.1;William Wyler
Kakushi-toride no san-akunin;1958;Adventure, Drama;8.1;Akira Kurosawa
Le notti di Cabiria;1957;Drama;8.1;Federico Fellini
Kumonosu-jô;1957;Drama, History;8.1;Akira Kurosawa
The Bridge on the River Kwai;1957;Adventure, Drama, War;8.1;David Lean
On the Waterfront;1954;Crime, Drama, Thriller;8.1;Elia Kazan
Le salaire de la peur;1953;Adventure, Drama, Thriller;8.1;Henri-Georges Clouzot
Ace in the Hole;1951;Drama, Film-Noir;8.1;Billy Wilder
White Heat;1949;Action, Crime, Drama;8.1;Raoul Walsh
The Third Man;1949;Film-Noir, Mystery, Thriller;8.1;Carol Reed
The Red Shoes;1948;Drama, Music, Romance;8.1;Michael Powell
The Shop Around the Corner;1940;Comedy, Drama, Romance;8.1;Ernst Lubitsch
Rebecca;1940;Drama, Mystery, Romance;8.1;Alfred Hitchcock
Mr. Smith Goes to Washington;1939;Comedy, Drama;8.1;Frank Capra
Gone with the Wind;1939;Drama, History, Romance;8.1;Victor Fleming
La Grande Illusion;1937;Drama, War;8.1;Jean Renoir
It Happened One Night;1934;Comedy, Romance;8.1;Frank Capra
La passion de Jeanne d'Arc;1928;Biography, Drama, History;8.1;Carl Theodor Dreyer
The Circus;1928;Comedy, Romance;8.1;Charles Chaplin
Sunrise: A Song of Two Humans;1927;Drama, Romance;8.1;F.W. Murnau
The General;1926;Action, Adventure, Comedy;8.1;Clyde Bruckman
Das Cabinet des Dr. Caligari;1920;Fantasy, Horror, Mystery;8.1;Robert Wiene
Badhaai ho;2018;Comedy, Drama;8;Amit Ravindernath Sharma
Togo;2019;Adventure, Biography, Drama;8;Ericson Core
Airlift;2016;Drama, History;8;Raja Menon
Bajrangi Bhaijaan;2015;Action, Adventure, Comedy;8;Kabir Khan
Baby;2015;Action, Crime, Thriller;8;Neeraj Pandey
La La Land;2016;Comedy, Drama, Music;8;Damien Chazelle
Lion;2016;Biography, Drama;8;Garth Davis
The Martian;2015;Adventure, Drama, Sci-Fi;8;Ridley Scott
Zootopia;2016;Animation, Adventure, Comedy;8;Byron Howard
Bãhubali: The Beginning;2015;Action, Drama;8;S.S. Rajamouli
Kaguyahime no monogatari;2013;Animation, Adventure, Drama;8;Isao Takahata
Wonder;2017;Drama, Family;8;Stephen Chbosky
Gully Boy;2019;Drama, Music, Romance;8;Zoya Akhtar
Special Chabbis;2013;Crime, Drama, Thriller;8;Neeraj Pandey
Short Term 12;2013;Drama;8;Destin Daniel Cretton
Serbuan maut 2: Berandal;2014;Action, Crime, Thriller;8;Gareth Evans
The Imitation Game;2014;Biography, Drama, Thriller;8;Morten Tyldum
Guardians of the Galaxy;2014;Action, Adventure, Comedy;8;James Gunn
Blade Runner 2049;2017;Action, Drama, Mystery;8;Denis Villeneuve
Her;2013;Drama, Romance, Sci-Fi;8;Spike Jonze
Bohemian Rhapsody;2018;Biography, Drama, Music;8;Bryan Singer
The Revenant;2015;Action, Adventure, Drama;8;Alejandro G. Iñárritu
The Perks of Being a Wallflower;2012;Drama, Romance;8;Stephen Chbosky
Tropa de Elite 2: O Inimigo Agora é Outro;2010;Action, Crime, Drama;8;José Padilha
The King's Speech;2010;Biography, Drama, History;8;Tom Hooper
The Help;2011;Drama;8;Tate Taylor
Deadpool;2016;Action, Adventure, Comedy;8;Tim Miller
Darbareye Elly;2009;Drama, Mystery;8;Asghar Farhadi
Dev.D;2009;Drama, Romance;8;Anurag Kashyap
Yip Man;2008;Action, Biography, Drama;8;Wilson Yip
My Name Is Khan;2010;Drama;8;Karan Johar
Nefes: Vatan Sagolsun;2009;Action, Drama, Thriller;8;Levent Semerci
Slumdog Millionaire;2008;Drama, Romance;8;Danny Boyle
Black Swan;2010;Drama, Thriller;8;Darren Aronofsky
Tropa de Elite;2007;Action, Crime, Drama;8;José Padilha
The Avengers;2012;Action, Adventure, Sci-Fi;8;Joss Whedon
Persepolis;2007;Animation, Biography, Drama;8;Vincent Paronnaud
Dallas Buyers Club;2013;Biography, Drama;8;Jean-Marc Vallée
The Pursuit of Happyness;2006;Biography, Drama;8;Gabriele Muccino
Blood Diamond;2006;Adventure, Drama, Thriller;8;Edward Zwick
The Bourne Ultimatum;2007;Action, Mystery, Thriller;8;Paul Greengrass
Bin-jip;2004;Crime, Drama, Romance;8;Ki-duk Kim
Sin City;2005;Crime, Thriller;8;Frank Miller
Le scaphandre et le papillon;2007;Biography, Drama;8;
G.O.R.A.;2004;Adventure, Comedy, Sci-Fi;8;Ömer Faruk Sorak
Ratatouille;2007;Animation, Adventure, Comedy;8;Brad Bird
Casino Royale;2006;Action, Adventure, Thriller;8;Martin Campbell
Kill Bill: Vol. 2;2004;Action, Crime, Thriller;8;Quentin Tarantino
Vozvrashchenie;2003;Drama;8;Andrey Zvyagintsev
Bom Yeoareum Gaeul Gyeoul Geurigo Bom;2003;Drama, Romance;8;Ki-duk Kim
Mar adentro;2014;Biography, Drama;8;Alejandro Amenábar
Cinderella Man;2005;Biography, Drama, History;8;Ron Howard
Kal Ho Naa Ho;2003;Comedy, Drama, Musical;8;Nikkhil Advani
Mou gaan dou;2002;Action, Crime, Drama;8;Andrew Lau
Pirates of the Caribbean: The Curse of the Black Pearl;2003;Action, Adventure, Fantasy;8;Gore Verbinski
Big Fish;2003;Adventure, Drama, Fantasy;8;Tim Burton
The Incredibles;2004;Animation, Action, Adventure;8;Brad Bird
Yeopgijeogin geunyeo;2001;Comedy, Drama, Romance;8;Jae-young Kwak
Dogville;2003;Crime, Drama;8;Lars von Trier
Vizontele;2001;Comedy, Drama;8;Yilmaz Erdogan
Donnie Darko;2001;Drama, Mystery, Sci-Fi;8;Richard Kelly
Magnolia;1999;Drama;8;Paul Thomas Anderson
Dancer in the Dark;2000;Crime, Drama, Musical;8;Lars von Trier
The Straight Story;1999;Biography, Drama;8;David Lynch
Pâfekuto burû;1997;Animation, Crime, Mystery;8;Satoshi Kon
Festen;1998;Drama;8;Thomas Vinterberg
Central do Brasil;1998;Drama;8;Walter Salles
The Iron Giant;1999;Animation, Action, Adventure;8;Brad Bird
Knockin' on Heaven's Door;1997;Action, Crime, Comedy;8;Thomas Jahn
Sling Blade;1996;Drama;8;Billy Bob Thornton
Secrets & Lies;1996;Comedy, Drama;8;Mike Leigh
Twelve Monkeys;1995;Mystery, Sci-Fi, Thriller;8;Terry Gilliam
Kôkaku Kidôtai;1995;Animation, Action, Crime;8;Mamoru Oshii
The Nightmare Before Christmas;1993;Animation, Family, Fantasy;8;Henry Selick
Groundhog Day;1993;Comedy, Fantasy, Romance;8;Harold Ramis
Bound by Honor;1993;Crime, Drama;8;Taylor Hackford
Scent of a Woman;1992;Drama;8;Martin Brest
Aladdin;1992;Animation, Adventure, Comedy;8;Ron Clements
JFK;1991;Drama, History, Thriller;8;Oliver Stone
Beauty and the Beast;1991;Animation, Family, Fantasy;8;Gary Trousdale
Dances with Wolves;1990;Adventure, Drama, Western;8;Kevin Costner
Do the Right Thing;1989;Comedy, Drama;8;Spike Lee
Rain Man;1988;Drama;8;
Akira;1988;Animation, Action, Sci-Fi;8;Katsuhiro Ôtomo
The Princess Bride;1987;Adventure, Family, Fantasy;8;Rob Reiner
Der Himmel über Berlin;1987;Drama, Fantasy, Romance;8;Wim Wenders
Au revoir les enfants;1987;Drama, War;8;Louis Malle
Tenkû no shiro Rapyuta;1986;Animation, Adventure, Drama;8;Hayao Miyazaki
The Terminator;1984;Action, Sci-Fi;8;James Cameron
Gandhi;1982;Biography, Drama, History;8;Richard Attenborough
Kagemusha;1980;Drama, History, War;8;Akira Kurosawa
Being There;1979;Comedy, Drama;8;Hal Ashby
Annie Hall;1977;Comedy, Romance;8;Woody Allen
Jaws;1975;Adventure, Thriller;8;Steven Spielberg
Dog Day Afternoon;1975;Biography, Crime, Drama;8;Sidney Lumet
Young Frankenstein;1974;Comedy;8;Mel Brooks
Papillon;1973;Biography, Crime, Drama;8;Franklin J. Schaffner
The Exorcist;1973;Horror;8;William Friedkin
Sleuth;1972;Mystery, Thriller;8;Joseph L. Mankiewicz
The Last Picture Show;1971;Drama, Romance;8;Peter Bogdanovich
Fiddler on the Roof;1971;Drama, Family, Musical;8;Norman Jewison
Il conformista;1970;Drama;8;Bernardo Bertolucci
Butch Cassidy and the Sundance Kid;1969;Biography, Crime, Drama;8;George Roy Hill
Rosemary's Baby;1968;Drama, Horror;8;Roman Polanski
Planet of the Apes;1968;Adventure, Sci-Fi;8;Franklin J. Schaffner
The Graduate;1967;Comedy, Drama, Romance;8;Mike Nichols
Who's Afraid of Virginia Woolf?;1966;Drama;8;Mike Nichols
The Sound of Music;1965;Biography, Drama, Family;8;Robert Wise
Doctor Zhivago;1965;Drama, Romance, War;8;David Lean
Per un pugno di dollari;1964;Action, Drama, Western;8;Sergio Leone
8½;1963;Drama;8;Federico Fellini
Vivre sa vie: Film en douze tableaux;1962;Drama;8;Jean-Luc Godard
The Hustler;1961;Drama, Sport;8;Robert Rossen
La dolce vita;1960;Comedy, Drama;8;Federico Fellini
Rio Bravo;1959;Action, Drama, Western;8;Howard Hawks
Anatomy of a Murder;1959;Crime, Drama, Mystery;8;Otto Preminger
Touch of Evil;1958;Crime, Drama, Film-Noir;8;Orson Welles
Cat on a Hot Tin Roof;1958;Drama;8;Richard Brooks
Sweet Smell of Success;1957;Drama, Film-Noir;8;Alexander Mackendrick
The Killing;1956;Crime, Drama, Film-Noir;8;Stanley Kubrick
The Night of the Hunter;1955;Crime, Drama, Film-Noir;8;Charles Laughton
La Strada;1954;Drama;8;Federico Fellini
Les diaboliques;1955;Crime, Drama, Horror;8;Henri-Georges Clouzot
Stalag 17;1953;Comedy, Drama, War;8;Billy Wilder
Roman Holiday;1953;Comedy, Romance;8;William Wyler
A Streetcar Named Desire;1951;Drama;8;Elia Kazan
In a Lonely Place;1950;Drama, Film-Noir, Mystery;8;Nicholas Ray
Kind Hearts and Coronets;1949;Comedy, Crime;8;Robert Hamer
Rope;1948;Crime, Drama, Mystery;8;Alfred Hitchcock
Out of the Past;1947;Crime, Drama, Film-Noir;8;Jacques Tourneur
Brief Encounter;1945;Drama, Romance;8;David Lean
Laura;1944;Drama, Film-Noir, Mystery;8;Otto Preminger
The Best Years of Our Lives;1946;Drama, Romance, War;8;William Wyler
Arsenic and Old Lace;1942;Comedy, Crime, Thriller;8;Frank Capra
The Maltese Falcon;1941;Film-Noir, Mystery;8;John Huston
The Grapes of Wrath;1940;Drama, History;8;John Ford
The Wizard of Oz;1939;Adventure, Family, Fantasy;8;Victor Fleming
La règle du jeu;1939;Comedy, Drama;8;Jean Renoir
The Thin Man;1934;Comedy, Crime, Mystery;8;W.S. Van Dyke
All Quiet on the Western Front;1930;Drama, War;8;Lewis Milestone
Bronenosets Potemkin;1925;Drama, History, Thriller;8;Sergei M. Eisenstein
Knives Out;2019;Comedy, Crime, Drama;7.9;Rian Johnson
Dil Bechara;2020;Comedy, Drama, Romance;7.9;Mukesh Chhabra
Manbiki kazoku;2018;Crime, Drama;7.9;Hirokazu Koreeda
Marriage Story;2019;Comedy, Drama, Romance;7.9;Noah Baumbach
Call Me by Your Name;2017;Drama, Romance;7.9;Luca Guadagnino
I, Daniel Blake;2016;Drama;7.9;Ken Loach
Isle of Dogs;2018;Animation, Adventure, Comedy;7.9;Wes Anderson
Hunt for the Wilderpeople;2016;Adventure, Comedy, Drama;7.9;Taika Waititi
Captain Fantastic;2016;Comedy, Drama;7.9;Matt Ross
Sing Street;2016;Comedy, Drama, Music;7.9;John Carney
Thor: Ragnarok;2017;Action, Adventure, Comedy;7.9;Taika Waititi
Nightcrawler;2014;Crime, Drama, Thriller;7.9;Dan Gilroy
Jojo Rabbit;2019;Comedy, Drama, War;7.9;Taika Waititi
Arrival;2016;Drama, Sci-Fi;7.9;Denis Villeneuve
Star Wars: Episode VII - The Force Awakens;2015;Action, Adventure, Sci-Fi;7.9;J.J. Abrams
Before Midnight;2013;Drama, Romance;7.9;Richard Linklater
X-Men: Days of Future Past;2014;Action, Adventure, Sci-Fi;7.9;Bryan Singer
Bir Zamanlar Anadolu'da;2011;Crime, Drama;7.9;Nuri Bilge Ceylan
The Artist;2011;Comedy, Drama, Romance;7.9;Michel Hazanavicius
Edge of Tomorrow;2014;Action, Adventure, Sci-Fi;7.9;Doug Liman
Amour;2012;Drama, Romance;7.9;Michael Haneke
The Irishman;2019;Biography, Crime, Drama;7.9;Martin Scorsese
Un prophète;2009;Crime, Drama;7.9;Jacques Audiard
Moon;2009;Drama, Mystery, Sci-Fi;7.9;Duncan Jones
Låt den rätte komma in;2008;Crime, Drama, Fantasy;7.9;Tomas Alfredson
District 9;2009;Action, Sci-Fi, Thriller;7.9;Neill Blomkamp
The Wrestler;2008;Drama, Sport;7.9;Darren Aronofsky
Jab We Met;2007;Comedy, Drama, Romance;7.9;Imtiaz Ali
Boyhood;2014;Drama;7.9;Richard Linklater
4 luni, 3 saptamâni si 2 zile;2007;Drama;7.9;Cristian Mungiu
Star Trek;2009;Action, Adventure, Sci-Fi;7.9;J.J. Abrams
In Bruges;2008;Comedy, Crime, Drama;7.9;Martin McDonagh
The Man from Earth;2007;Drama, Fantasy, Mystery;7.9;Richard Schenkman
Letters from Iwo Jima;2006;Action, Adventure, Drama;7.9;Clint Eastwood
The Fall;2006;Adventure, Drama, Fantasy;7.9;Tarsem Singh
Life of Pi;2012;Adventure, Drama, Fantasy;7.9;Ang Lee
Fantastic Mr. Fox;2009;Animation, Adventure, Comedy;7.9;Wes Anderson
C.R.A.Z.Y.;2005;Comedy, Drama;7.9;Jean-Marc Vallée
Les choristes;2004;Drama, Music;7.9;Christophe Barratier
Iron Man;2008;Action, Adventure, Sci-Fi;7.9;Jon Favreau
Shaun of the Dead;2004;Comedy, Horror;7.9;Edgar Wright
Gegen die Wand;2004;Drama, Romance;7.9;Fatih Akin
Mystic River;2003;Crime, Drama, Mystery;7.9;Clint Eastwood
Harry Potter and the Prisoner of Azkaban;2004;Adventure, Family, Fantasy;7.9;Alfonso Cuarón
Ying xiong;2002;Action, Adventure, History;7.9;Yimou Zhang
Hable con ella;2002;Drama, Mystery, Romance;7.9;Pedro Almodóvar
No Man's Land;2001;Comedy, Drama, War;7.9;Danis Tanovic
Cowboy Bebop: Tengoku no tobira;2001;Animation, Action, Crime;7.9;Shin'ichirô Watanabe
The Bourne Identity;2002;Action, Mystery, Thriller;7.9;Doug Liman
Nueve reinas;2000;Crime, Drama, Thriller;7.9;Fabián Bielinsky
Children of Men;2006;Adventure, Drama, Sci-Fi;7.9;Alfonso Cuarón
Almost Famous;2000;Adventure, Comedy, Drama;7.9;Cameron Crowe
Mulholland Dr.;2001;Drama, Mystery, Thriller;7.9;David Lynch
Toy Story 2;1999;Animation, Adventure, Comedy;7.9;John Lasseter
Boogie Nights;1997;Drama;7.9;Paul Thomas Anderson
Mimi wo sumaseba;1995;Animation, Drama, Family;7.9;Yoshifumi Kondô
Once Were Warriors;1994;Crime, Drama;7.9;Lee Tamahori
True Romance;1993;Crime, Drama, Romance;7.9;Tony Scott
Trois couleurs: Bleu;1993;Drama, Music, Mystery;7.9;Krzysztof Kieslowski
Jûbê ninpûchô;1993;Animation, Action, Adventure;7.9;Yoshiaki Kawajiri
Carlito's Way;1993;Crime, Drama, Thriller;7.9;Brian De Palma
Edward Scissorhands;1990;Drama, Fantasy, Romance;7.9;Tim Burton
My Left Foot: The Story of Christy Brown;1989;Biography, Drama;7.9;Jim Sheridan
Crimes and Misdemeanors;1989;Comedy, Drama;7.9;Woody Allen
The Untouchables;1987;Crime, Drama, Thriller;7.9;Brian De Palma
Hannah and Her Sisters;1986;Comedy, Drama;7.9;Woody Allen
Brazil;1985;Drama, Sci-Fi;7.9;Terry Gilliam
This Is Spinal Tap;1984;Comedy, Music;7.9;Rob Reiner
A Christmas Story;1983;Comedy, Family;7.9;Bob Clark
The Blues Brothers;1980;Action, Adventure, Comedy;7.9;John Landis
Manhattan;1979;Comedy, Drama, Romance;7.9;Woody Allen
All That Jazz;1979;Drama, Music, Musical;7.9;Bob Fosse
Dawn of the Dead;1978;Action, Adventure, Horror;7.9;George A. Romero
All the President's Men;1976;Biography, Drama, History;7.9;Alan J. Pakula
La montaña sagrada;1973;Adventure, Drama, Fantasy;7.9;Alejandro Jodorowsky
Amarcord;1973;Comedy, Drama, Family;7.9;Federico Fellini
Le charme discret de la bourgeoisie;1972;Comedy;7.9;Luis Buñuel
Aguirre, der Zorn Gottes;1972;Action, Adventure, Biography;7.9;Werner Herzog
Harold and Maude;1971;Comedy, Drama, Romance;7.9;Hal Ashby
Patton;1970;Biography, Drama, War;7.9;Franklin J. Schaffner
The Wild Bunch;1969;Action, Adventure, Western;7.9;Sam Peckinpah
Night of the Living Dead;1968;Horror, Thriller;7.9;George A. Romero
The Lion in Winter;1968;Biography, Drama, History;7.9;Anthony Harvey
In the Heat of the Night;1967;Crime, Drama, Mystery;7.9;Norman Jewison
Charade;1963;Comedy, Mystery, Romance;7.9;Stanley Donen
The Manchurian Candidate;1962;Drama, Thriller;7.9;John Frankenheimer
Spartacus;1960;Adventure, Biography, Drama;7.9;Stanley Kubrick
L'avventura;1960;Drama, Mystery;7.9;Michelangelo Antonioni
Hiroshima mon amour;1959;Drama, Romance;7.9;Alain Resnais
The Ten Commandments;1956;Adventure, Drama;7.9;Cecil B. DeMille
The Searchers;1956;Adventure, Drama, Western;7.9;John Ford
East of Eden;1955;Drama;7.9;Elia Kazan
High Noon;1952;Drama, Thriller, Western;7.9;Fred Zinnemann
Strangers on a Train;1951;Crime, Film-Noir, Thriller;7.9;Alfred Hitchcock
Harvey;1950;Comedy, Drama, Fantasy;7.9;Henry Koster
Miracle on 34th Street;1947;Comedy, Drama, Family;7.9;George Seaton
Notorious;1946;Drama, Film-Noir, Romance;7.9;Alfred Hitchcock
The Big Sleep;1946;Crime, Film-Noir, Mystery;7.9;Howard Hawks
The Lost Weekend;1945;Drama, Film-Noir;7.9;Billy Wilder
The Philadelphia Story;1940;Comedy, Romance;7.9;George Cukor
His Girl Friday;1940;Comedy, Drama, Romance;7.9;Howard Hawks
The Adventures of Robin Hood;1938;Action, Adventure, Romance;7.9;Michael Curtiz
A Night at the Opera;1935;Comedy, Music, Musical;7.9;Sam Wood
King Kong;1933;Adventure, Horror, Sci-Fi;7.9;Merian C. Cooper
Freaks;1932;Drama, Horror;7.9;Tod Browning
Nosferatu;1922;Fantasy, Horror;7.9;F.W. Murnau
The Gentlemen;2019;Action, Comedy, Crime;7.8;Guy Ritchie
Raazi;2018;Action, Drama, Thriller;7.8;Meghna Gulzar
Sound of Metal;2019;Drama, Music;7.8;Darius Marder
Forushande;2016;Drama;7.8;Asghar Farhadi
Dunkirk;2017;Action, Drama, History;7.8;Christopher Nolan
Perfetti sconosciuti;2016;Comedy, Drama;7.8;Paolo Genovese
Hidden Figures;2016;Biography, Drama, History;7.8;Theodore Melfi
Paddington 2;2017;Adventure, Comedy, Family;7.8;Paul King
Udta Punjab;2016;Action, Crime, Drama;7.8;Abhishek Chaubey
Kubo and the Two Strings;2016;Animation, Action, Adventure;7.8;Travis Knight
M.S. Dhoni: The Untold Story;2016;Biography, Drama, Sport;7.8;Neeraj Pandey
Manchester by the Sea;2016;Drama;7.8;Kenneth Lonergan
Under sandet;2015;Drama, History, War;7.8;Martin Zandvliet
Rogue One;2016;Action, Adventure, Sci-Fi;7.8;Gareth Edwards
Captain America: Civil War;2016;Action, Adventure, Sci-Fi;7.8;Anthony Russo
The Hateful Eight;2015;Crime, Drama, Mystery;7.8;Quentin Tarantino
Little Women;2019;Drama, Romance;7.8;Greta Gerwig
Loving Vincent;2017;Animation, Biography, Crime;7.8;Dorota Kobiela
Pride;2014;Biography, Comedy, Drama;7.8;Matthew Warchus
Le passé;2013;Drama, Mystery;7.8;Asghar Farhadi
La grande bellezza;2013;Drama;7.8;Paolo Sorrentino
The Lunchbox;2013;Drama, Romance;7.8;Ritesh Batra
Vicky Donor;2012;Comedy, Romance;7.8;Shoojit Sircar
Big Hero 6;2014;Animation, Action, Adventure;7.8;Don Hall
About Time;2013;Comedy, Drama, Fantasy;7.8;Richard Curtis
English Vinglish;2012;Comedy, Drama, Family;7.8;Gauri Shinde
Kaze tachinu;2013;Animation, Biography, Drama;7.8;Hayao Miyazaki
Toy Story 4;2019;Animation, Adventure, Comedy;7.8;Josh Cooley
La migliore offerta;2013;Crime, Drama, Mystery;7.8;Giuseppe Tornatore
Moonrise Kingdom;2012;Comedy, Drama, Romance;7.8;Wes Anderson
How to Train Your Dragon 2;2014;Animation, Action, Adventure;7.8;Dean DeBlois
The Big Short;2015;Biography, Comedy, Drama;7.8;Adam McKay
Kokuhaku;2010;Drama, Thriller;7.8;Tetsuya Nakashima
Ang-ma-reul bo-at-da;2010;Action, Crime, Drama;7.8;Jee-woon Kim
The Girl with the Dragon Tattoo;2011;Crime, Drama, Mystery;7.8;David Fincher
Captain Phillips;2013;Adventure, Biography, Crime;7.8;Paul Greengrass
Ajeossi;2010;Action, Crime, Drama;7.8;Jeong-beom Lee
Straight Outta Compton;2015;Biography, Drama, History;7.8;F. Gary Gray
Madeo;2009;Crime, Drama, Mystery;7.8;Bong Joon Ho
Chugyeokja;2008;Action, Crime, Thriller;7.8;Hong-jin Na
The Hobbit: The Desolation of Smaug;2013;Adventure, Fantasy;7.8;Peter Jackson
Das weiße Band - Eine deutsche Kindergeschichte;2009;Drama, History, Mystery;7.8;Michael Haneke
Män som hatar kvinnor;2009;Crime, Drama, Mystery;7.8;Niels Arden Oplev
The Trial of the Chicago 7;2020;Drama, History, Thriller;7.8;Aaron Sorkin
Druk;2020;Comedy, Drama;7.8;Thomas Vinterberg
The Fighter;2010;Biography, Drama, Sport;7.8;David O. Russell
Taken;2008;Action, Thriller;7.8;Pierre Morel
The Boy in the Striped Pyjamas;2008;Drama, History, War;7.8;Mark Herman
Once;2007;Drama, Music, Romance;7.8;John Carney
The Hobbit: An Unexpected Journey;2012;Adventure, Fantasy;7.8;Peter Jackson
Auf der anderen Seite;2007;Drama;7.8;Fatih Akin
Atonement;2007;Drama, Mystery, Romance;7.8;Joe Wright
Drive;2011;Crime, Drama;7.8;Nicolas Winding Refn
American Gangster;2007;Biography, Crime, Drama;7.8;Ridley Scott
Avatar;2009;Action, Adventure, Fantasy;7.8;James Cameron
Mr. Nobody;2009;Drama, Fantasy, Romance;7.8;Jaco Van Dormael
Apocalypto;2006;Action, Adventure, Drama;7.8;Mel Gibson
Little Miss Sunshine;2006;Comedy, Drama;7.8;Jonathan Dayton
Hot Fuzz;2007;Action, Comedy, Mystery;7.8;Edgar Wright
The Curious Case of Benjamin Button;2008;Drama, Fantasy, Romance;7.8;David Fincher
Veer-Zaara;2004;Drama, Family, Musical;7.8;Yash Chopra
Adams æbler;2005;Comedy, Crime, Drama;7.8;Anders Thomas Jensen
Pride & Prejudice;2005;Drama, Romance;7.8;Joe Wright
The World's Fastest Indian;2005;Biography, Drama, Sport;7.8;Roger Donaldson
Tôkyô goddofâzâzu;2003;Animation, Adventure, Comedy;7.8;Satoshi Kon
Serenity;2005;Action, Adventure, Sci-Fi;7.8;Joss Whedon
Walk the Line;2005;Biography, Drama, Music;7.8;James Mangold
Ondskan;2003;Drama;7.8;Mikael Håfström
The Notebook;2004;Drama, Romance;7.8;Nick Cassavetes
Diarios de motocicleta;2004;Adventure, Biography, Drama;7.8;Walter Salles
Lilja 4-ever;2002;Crime, Drama;7.8;Lukas Moodysson
Les triplettes de Belleville;2003;Animation, Comedy, Drama;7.8;Sylvain Chomet
Gongdong gyeongbi guyeok JSA;2000;Action, Drama, Thriller;7.8;Chan-wook Park
The Count of Monte Cristo;2002;Action, Adventure, Drama;7.8;Kevin Reynolds
Waking Life;2001;Animation, Drama, Fantasy;7.8;Richard Linklater
Remember the Titans;2000;Biography, Drama, Sport;7.8;Boaz Yakin
Wo hu cang long;2000;Action, Adventure, Fantasy;7.8;Ang Lee
Todo sobre mi madre;1999;Drama;7.8;Pedro Almodóvar
Cast Away;2000;Adventure, Drama, Romance;7.8;Robert Zemeckis
The Boondock Saints;1999;Action, Crime, Thriller;7.8;Troy Duffy
The Insider;1999;Biography, Drama, Thriller;7.8;Michael Mann
October Sky;1999;Biography, Drama, Family;7.8;Joe Johnston
Shrek;2001;Animation, Adventure, Comedy;7.8;Andrew Adamson
Titanic;1997;Drama, Romance;7.8;James Cameron
Hana-bi;1997;Crime, Drama, Romance;7.8;Takeshi Kitano
Gattaca;1997;Drama, Sci-Fi, Thriller;7.8;Andrew Niccol
The Game;1997;Action, Drama, Mystery;7.8;David Fincher
Breaking the Waves;1996;Drama;7.8;
Ed Wood;1994;Biography, Comedy, Drama;7.8;Tim Burton
What's Eating Gilbert Grape;1993;Drama;7.8;Lasse Hallström
Tombstone;1993;Action, Biography, Drama;7.8;George P. Cosmatos
The Sandlot;1993;Comedy, Drama, Family;7.8;David Mickey Evans
The Remains of the Day;1993;Drama, Romance;7.8;James Ivory
Naked;1993;Comedy, Drama;7.8;Mike Leigh
The Fugitive;1993;Action, Crime, Drama;7.8;Andrew Davis
A Bronx Tale;1993;Crime, Drama, Romance;7.8;Robert De Niro
Batman: Mask of the Phantasm;1993;Animation, Action, Crime;7.8;Kevin Altieri
Lat sau san taam;1992;Action, Crime, Thriller;7.8;John Woo
Night on Earth;1991;Comedy, Drama;7.8;Jim Jarmusch
La double vie de Véronique;1991;Drama, Fantasy, Music;7.8;
Boyz n the Hood;1991;Crime, Drama;7.8;John Singleton
Misery;1990;Drama, Thriller;7.8;Rob Reiner
Awakenings;1990;Biography, Drama;7.8;Penny Marshall
Majo no takkyûbin;1989;Animation, Adventure, Drama;7.8;Hayao Miyazaki
Glory;1989;Biography, Drama, History;7.8;Edward Zwick
Dip huet seung hung;1989;Action, Crime, Drama;7.8;John Woo
Back to the Future Part II;1989;Adventure, Comedy, Sci-Fi;7.8;Robert Zemeckis
Mississippi Burning;1988;Crime, Drama, History;7.8;Alan Parker
Predator;1987;Action, Adventure, Sci-Fi;7.8;John McTiernan
Evil Dead II;1987;Action, Comedy, Fantasy;7.8;Sam Raimi
Ferris Bueller's Day Off;1986;Comedy;7.8;John Hughes
Down by Law;1986;Comedy, Crime, Drama;7.8;Jim Jarmusch
The Goonies;1985;Adventure, Comedy, Family;7.8;Richard Donner
The Color Purple;1985;Drama;7.8;Steven Spielberg
The Breakfast Club;1985;Comedy, Drama;7.8;John Hughes
The Killing Fields;1984;Biography, Drama, History;7.8;Roland Joffé
Ghostbusters;1984;Action, Comedy, Fantasy;7.8;Ivan Reitman
The Right Stuff;1983;Adventure, Biography, Drama;7.8;Philip Kaufman
The King of Comedy;1982;Comedy, Crime, Drama;7.8;Martin Scorsese
E.T. the Extra-Terrestrial;1982;Family, Sci-Fi;7.8;Steven Spielberg
Kramer vs. Kramer;1979;Drama;7.8;Robert Benton
Days of Heaven;1978;Drama, Romance;7.8;Terrence Malick
The Outlaw Josey Wales;1976;Western;7.8;Clint Eastwood
The Man Who Would Be King;1975;Adventure, History, War;7.8;John Huston
The Conversation;1974;Drama, Mystery, Thriller;7.8;Francis Ford Coppola
La planète sauvage;1973;Animation, Sci-Fi;7.8;René Laloux
The Day of the Jackal;1973;Crime, Drama, Thriller;7.8;Fred Zinnemann
Badlands;1973;Action, Crime, Drama;7.8;Terrence Malick
Cabaret;1972;Drama, Music, Musical;7.8;Bob Fosse
Willy Wonka & the Chocolate Factory;1971;Family, Fantasy, Musical;7.8;Mel Stuart
Midnight Cowboy;1969;Drama;7.8;John Schlesinger
Wait Until Dark;1967;Thriller;7.8;Terence Young
Guess Who's Coming to Dinner;1967;Comedy, Drama;7.8;Stanley Kramer
Bonnie and Clyde;1967;Action, Biography, Crime;7.8;Arthur Penn
My Fair Lady;1964;Drama, Family, Musical;7.8;George Cukor
Mary Poppins;1964;Comedy, Family, Fantasy;7.8;Robert Stevenson
The Longest Day;1962;Action, Drama, History;7.8;Ken Annakin
Jules et Jim;1962;Drama, Romance;7.8;François Truffaut
The Innocents;1961;Horror;7.8;Jack Clayton
À bout de souffle;1960;Crime, Drama;7.8;Jean-Luc Godard
Red River;1948;Action, Adventure, Drama;7.8;Howard Hawks
Key Largo;1948;Action, Crime, Drama;7.8;John Huston
To Have and Have Not;1944;Adventure, Comedy, Film-Noir;7.8;Howard Hawks
Shadow of a Doubt;1943;Film-Noir, Thriller;7.8;Alfred Hitchcock
Stagecoach;1939;Adventure, Drama, Western;7.8;John Ford
The Lady Vanishes;1938;Mystery, Thriller;7.8;Alfred Hitchcock
Bringing Up Baby;1938;Comedy, Family, Romance;7.8;Howard Hawks
Bride of Frankenstein;1935;Drama, Horror, Sci-Fi;7.8;James Whale
Duck Soup;1933;Comedy, Musical, War;7.8;Leo McCarey
Scarface: The Shame of the Nation;1932;Action, Crime, Drama;7.8;Howard Hawks
Frankenstein;1931;Drama, Horror, Sci-Fi;7.8;James Whale
Roma;2018;Drama;7.7;Alfonso Cuarón
God's Own Country;2017;Drama, Romance;7.7;Francis Lee
Deadpool 2;2018;Action, Adventure, Comedy;7.7;David Leitch
Wind River;2017;Crime, Drama, Mystery;7.7;Taylor Sheridan
Get Out;2017;Horror, Mystery, Thriller;7.7;Jordan Peele
Mission: Impossible - Fallout;2018;Action, Adventure, Thriller;7.7;Christopher McQuarrie
En man som heter Ove;2015;Comedy, Drama, Romance;7.7;Hannes Holm
What We Do in the Shadows;2014;Comedy, Horror;7.7;Jemaine Clement
Omoide no Mânî;2014;Animation, Drama, Family;7.7;James Simone
The Theory of Everything;2014;Biography, Drama, Romance;7.7;James Marsh
Kingsman: The Secret Service;2014;Action, Adventure, Comedy;7.7;Matthew Vaughn
The Fault in Our Stars;2014;Drama, Romance;7.7;Josh Boone
Me and Earl and the Dying Girl;2015;Comedy, Drama;7.7;Alfonso Gomez-Rejon
Birdman or (The Unexpected Virtue of Ignorance);2014;Comedy, Drama;7.7;Alejandro G. Iñárritu
La vie d'Adèle;2013;Drama, Romance;7.7;Abdellatif Kechiche
Kai po che!;2013;Drama, Sport;7.7;Abhishek Kapoor
The Broken Circle Breakdown;2012;Drama, Music, Romance;7.7;Felix van Groeningen
Captain America: The Winter Soldier;2014;Action, Adventure, Sci-Fi;7.7;Anthony Russo
Rockstar;2011;Drama, Music, Musical;7.7;Imtiaz Ali
Nebraska;2013;Adventure, Comedy, Drama;7.7;Alexander Payne
Wreck-It Ralph;2012;Animation, Adventure, Comedy;7.7;Rich Moore
Le Petit Prince;2015;Animation, Adventure, Drama;7.7;Mark Osborne
Detachment;2011;Drama;7.7;Tony Kaye
Midnight in Paris;2011;Comedy, Fantasy, Romance;7.7;Woody Allen
The Lego Movie;2014;Animation, Action, Adventure;7.7;Christopher Miller
Gravity;2013;Drama, Sci-Fi, Thriller;7.7;Alfonso Cuarón
Star Trek Into Darkness;2013;Action, Adventure, Sci-Fi;7.7;J.J. Abrams
Beasts of No Nation;2015;Drama, War;7.7;Cary Joji Fukunaga
The Social Network;2010;Biography, Drama;7.7;David Fincher
X: First Class;2011;Action, Adventure, Sci-Fi;7.7;Matthew Vaughn
The Hangover;2009;Comedy;7.7;Todd Phillips
Skyfall;2012;Action, Adventure, Thriller;7.7;Sam Mendes
Silver Linings Playbook;2012;Comedy, Drama, Romance;7.7;David O. Russell
Argo;2012;Biography, Drama, Thriller;7.7;Ben Affleck
(500) Days of Summer;2009;Comedy, Drama, Romance;7.7;Marc Webb
Harry Potter and the Deathly Hallows: Part 1;2010;Adventure, Family, Fantasy;7.7;David Yates
Gake no ue no Ponyo;2008;Animation, Adventure, Comedy;7.7;Hayao Miyazaki
Frost/Nixon;2008;Biography, Drama, History;7.7;Ron Howard
Papurika;2006;Animation, Drama, Fantasy;7.7;Satoshi Kon
Changeling;2008;Biography, Crime, Drama;7.7;Clint Eastwood
Flipped;2010;Comedy, Drama, Romance;7.7;Rob Reiner
Toki o kakeru shôjo;2006;Animation, Adventure, Comedy;7.7;Mamoru Hosoda
Death Note: Desu nôto;2006;Crime, Drama, Fantasy;7.7;Shûsuke Kaneko
This Is England;2006;Crime, Drama;7.7;Shane Meadows
Ex Machina;2014;Drama, Sci-Fi, Thriller;7.7;Alex Garland
Efter brylluppet;2006;Drama;7.7;Susanne Bier
The Last King of Scotland;2006;Biography, Drama, History;7.7;Kevin Macdonald
Zodiac;2007;Crime, Drama, Mystery;7.7;David Fincher
Lucky Number Slevin;2006;Action, Crime, Drama;7.7;Paul McGuigan
Joyeux Noël;2005;Drama, History, Music;7.7;Christian Carion
Control;2007;Biography, Drama, Music;7.7;Anton Corbijn
Tangled;2010;Animation, Adventure, Comedy;7.7;Nathan Greno
Zwartboek;2006;Drama, Thriller, War;7.7;Paul Verhoeven
Brokeback Mountain;2005;Drama, Romance;7.7;Ang Lee
3:10 to Yuma;2007;Action, Crime, Drama;7.7;James Mangold
Crash;2004;Crime, Drama, Thriller;7.7;Paul Haggis
Kung fu;2004;Action, Comedy, Fantasy;7.7;Stephen Chow
The Bourne Supremacy;2004;Action, Mystery, Thriller;7.7;Paul Greengrass
The Machinist;2004;Drama, Thriller;7.7;Brad Anderson
Ray;2004;Biography, Drama, Music;7.7;Taylor Hackford
Lost in Translation;2003;Comedy, Drama;7.7;Sofia Coppola
Harry Potter and the Goblet of Fire;2005;Adventure, Family, Fantasy;7.7;Mike Newell
Man on Fire;2004;Action, Crime, Drama;7.7;Tony Scott
Coraline;2009;Animation, Drama, Family;7.7;Henry Selick
The Last Samurai;2003;Action, Drama;7.7;Edward Zwick
The Magdalene Sisters;2002;Drama;7.7;Peter Mullan
Good Bye Lenin!;2003;Comedy, Drama, Romance;7.7;Wolfgang Becker
In America;2002;Drama;7.7;Jim Sheridan
I Am Sam;2001;Drama;7.7;Jessie Nelson
Adaptation.;2002;Comedy, Drama;7.7;Spike Jonze
Black Hawk Down;2001;Drama, History, War;7.7;Ridley Scott
Road to Perdition;2002;Crime, Drama, Thriller;7.7;Sam Mendes
Das Experiment;2001;Drama, Thriller;7.7;Oliver Hirschbiegel
Billy Elliot;2000;Drama, Music;7.7;Stephen Daldry
Hedwig and the Angry Inch;2001;Comedy, Drama, Music;7.7;John Cameron Mitchell
Ocean's Eleven;2001;Crime, Thriller;7.7;Steven Soderbergh
Vampire Hunter D: Bloodlust;2000;Animation, Action, Fantasy;7.7;Yoshiaki Kawajiri
O Brother, Where Art Thou?;2000;Adventure, Comedy, Crime;7.7;Joel Coen
Interstate 60: Episodes of the Road;2002;Adventure, Comedy, Drama;7.7;Bob Gale
South Park: Bigger, Longer & Uncut;1999;Animation, Comedy, Fantasy;7.7;Trey Parker
Office Space;1999;Comedy;7.7;Mike Judge
Happiness;1998;Comedy, Drama;7.7;Todd Solondz
Training Day;2001;Crime, Drama, Thriller;7.7;Antoine Fuqua
Rushmore;1998;Comedy, Drama, Romance;7.7;Wes Anderson
Abre los ojos;1997;Drama, Mystery, Sci-Fi;7.7;Alejandro Amenábar
Being John Malkovich;1999;Comedy, Drama, Fantasy;7.7;Spike Jonze
As Good as It Gets;1997;Comedy, Drama, Romance;7.7;James L. Brooks
The Fifth Element;1997;Action, Adventure, Sci-Fi;7.7;Luc Besson
Le dîner de cons;1998;Comedy;7.7;Francis Veber
Donnie Brasco;1997;Biography, Crime, Drama;7.7;Mike Newell
Shine;1996;Biography, Drama, Music;7.7;Scott Hicks
Primal Fear;1996;Crime, Drama, Mystery;7.7;Gregory Hoblit
Hamlet;1996;Drama;7.7;Kenneth Branagh
A Little Princess;1995;Drama, Family, Fantasy;7.7;Alfonso Cuarón
Do lok tin si;1995;Comedy, Crime, Drama;7.7;Kar-Wai Wong
Il postino;1994;Biography, Comedy, Drama;7.7;Michael Radford
Clerks;1994;Comedy;7.7;Kevin Smith
Short Cuts;1993;Comedy, Drama;7.7;Robert Altman
Philadelphia;1993;Drama;7.7;Jonathan Demme
The Muppet Christmas Carol;1992;Comedy, Drama, Family;7.7;Brian Henson
Malcolm X;1992;Biography, Drama, History;7.7;Spike Lee
The Last of the Mohicans;1992;Action, Adventure, Drama;7.7;Michael Mann
Kurenai no buta;1992;Animation, Adventure, Comedy;7.7;Hayao Miyazaki
Glengarry Glen Ross;1992;Crime, Drama, Mystery;7.7;James Foley
A Few Good Men;1992;Drama, Thriller;7.7;Rob Reiner
Fried Green Tomatoes;1991;Drama;7.7;Jon Avnet
Barton Fink;1991;Comedy, Drama, Thriller;7.7;Joel Coen
Miller's Crossing;1990;Crime, Drama, Thriller;7.7;Joel Coen
Who Framed Roger Rabbit;1988;Animation, Adventure, Comedy;7.7;Robert Zemeckis
Spoorloos;1988;Mystery, Thriller;7.7;George Sluizer
Withnail & I;1987;Comedy, Drama;7.7;Bruce Robinson
The Last Emperor;1987;Biography, Drama, History;7.7;Bernardo Bertolucci
Empire of the Sun;1987;Action, Drama, History;7.7;Steven Spielberg
Der Name der Rose;1986;Crime, Drama, Mystery;7.7;Jean-Jacques Annaud
Blue Velvet;1986;Drama, Mystery, Thriller;7.7;David Lynch
The Purple Rose of Cairo;1985;Comedy, Fantasy, Romance;7.7;Woody Allen
After Hours;1985;Comedy, Crime, Drama;7.7;Martin Scorsese
Zelig;1983;Comedy;7.7;Woody Allen
The Verdict;1982;Drama;7.7;Sidney Lumet
Star Trek II: The Wrath of Khan;1982;Action, Adventure, Sci-Fi;7.7;Nicholas Meyer
First Blood;1982;Action, Adventure;7.7;Ted Kotcheff
Ordinary People;1980;Drama;7.7;Robert Redford
Airplane!;1980;Comedy;7.7;Jim Abrahams
Rupan sansei: Kariosutoro no shiro;1979;Animation, Adventure, Family;7.7;Hayao Miyazaki
Halloween;1978;Horror, Thriller;7.7;John Carpenter
Le locataire;1976;Drama, Thriller;7.7;Roman Polanski
Love and Death;1975;Comedy, War;7.7;Woody Allen
The Taking of Pelham One Two Three;1974;Action, Crime, Thriller;7.7;Joseph Sargent
Blazing Saddles;1974;Comedy, Western;7.7;Mel Brooks
Serpico;1973;Biography, Crime, Drama;7.7;Sidney Lumet
Enter the Dragon;1973;Action, Crime, Drama;7.7;Robert Clouse
Deliverance;1972;Adventure, Drama, Thriller;7.7;John Boorman
The French Connection;1971;Action, Crime, Drama;7.7;William Friedkin
Dirty Harry;1971;Action, Crime, Thriller;7.7;Don Siegel
Where Eagles Dare;1968;Action, Adventure, War;7.7;Brian G. Hutton
The Odd Couple;1968;Comedy;7.7;Gene Saks
The Dirty Dozen;1967;Action, Adventure, War;7.7;Robert Aldrich
Belle de jour;1967;Drama, Romance;7.7;Luis Buñuel
A Man for All Seasons;1966;Biography, Drama, History;7.7;Fred Zinnemann
Repulsion;1965;Drama, Horror, Thriller;7.7;Roman Polanski
Zulu;1964;Drama, History, War;7.7;Cy Endfield
Goldfinger;1964;Action, Adventure, Thriller;7.7;Guy Hamilton
The Birds;1963;Drama, Horror, Mystery;7.7;Alfred Hitchcock
Cape Fear;1962;Drama, Thriller;7.7;J. Lee Thompson
Peeping Tom;1960;Drama, Horror, Thriller;7.7;Michael Powell
The Magnificent Seven;1960;Action, Adventure, Western;7.7;John Sturges
Les yeux sans visage;1960;Drama, Horror;7.7;Georges Franju
Invasion of the Body Snatchers;1956;Drama, Horror, Sci-Fi;7.7;Don Siegel
Rebel Without a Cause;1955;Drama;7.7;Nicholas Ray
The Ladykillers;1955;Comedy, Crime;7.7;Alexander Mackendrick
Sabrina;1954;Comedy, Drama, Romance;7.7;Billy Wilder
The Quiet Man;1952;Comedy, Drama, Romance;7.7;John Ford
The Day the Earth Stood Still;1951;Drama, Sci-Fi;7.7;Robert Wise
The African Queen;1951;Adventure, Drama, Romance;7.7;John Huston
Gilda;1946;Drama, Film-Noir, Romance;7.7;Charles Vidor
Fantasia;1940;Animation, Family, Fantasy;7.7;James Algar
The Invisible Man;1933;Horror, Sci-Fi;7.7;James Whale
Dark Waters;2019;Biography, Drama, History;7.6;Todd Haynes
Searching;2018;Drama, Mystery, Thriller;7.6;Aneesh Chaganty
Once Upon a Time... in Hollywood;2019;Comedy, Drama;7.6;Quentin Tarantino
Nelyubov;2017;Drama;7.6;Andrey Zvyagintsev
The Florida Project;2017;Drama;7.6;Sean Baker
Just Mercy;2019;Biography, Crime, Drama;7.6;Destin Daniel Cretton
Gifted;2017;Drama;7.6;Marc Webb
The Peanut Butter Falcon;2019;Adventure, Comedy, Drama;7.6;Tyler Nilson
Victoria;2015;Crime, Drama, Romance;7.6;Sebastian Schipper
Mustang;2015;Drama;7.6;Deniz Gamze Ergüven
Guardians of the Galaxy Vol. 2;2017;Action, Adventure, Comedy;7.6;James Gunn
Baby Driver;2017;Action, Crime, Drama;7.6;Edgar Wright
Only the Brave;2017;Action, Biography, Drama;7.6;Joseph Kosinski
Bridge of Spies;2015;Drama, History, Thriller;7.6;Steven Spielberg
Incredibles 2;2018;Animation, Action, Adventure;7.6;Brad Bird
Moana;2016;Animation, Adventure, Comedy;7.6;Ron Clements
Sicario;2015;Action, Crime, Drama;7.6;Denis Villeneuve
Creed;2015;Drama, Sport;7.6;Ryan Coogler
Leviafan;2014;Crime, Drama;7.6;Andrey Zvyagintsev
Hell or High Water;2016;Action, Crime, Drama;7.6;David Mackenzie
Philomena;2013;Biography, Comedy, Drama;7.6;Stephen Frears
Dawn of the Planet of the Apes;2014;Action, Adventure, Drama;7.6;Matt Reeves
El cuerpo;2012;Mystery, Thriller;7.6;Oriol Paulo
Serbuan maut;2011;Action, Thriller;7.6;Gareth Evans
End of Watch;2012;Action, Crime, Drama;7.6;David Ayer
Kari-gurashi no Arietti;2010;Animation, Adventure, Family;7.6;Hiromasa Yonebayashi
A Star Is Born;2018;Drama, Music, Romance;7.6;Bradley Cooper
True Grit;2010;Drama, Western;7.6;Ethan Coen
Hævnen;2010;Drama, Romance;7.6;Susanne Bier
Despicable Me;2010;Animation, Comedy, Crime;7.6;Pierre Coffin
50/50;2011;Comedy, Drama, Romance;7.6;Jonathan Levine
Kick-Ass;2010;Action, Comedy, Crime;7.6;Matthew Vaughn
Celda 211;2009;Action, Adventure, Crime;7.6;Daniel Monzón
Moneyball;2011;Biography, Drama, Sport;7.6;Bennett Miller
La piel que habito;2011;Drama, Horror, Thriller;7.6;Pedro Almodóvar
Zombieland;2009;Adventure, Comedy, Fantasy;7.6;Ruben Fleischer
Die Welle;2008;Drama, Thriller;7.6;Dennis Gansel
Sherlock Holmes;2009;Action, Adventure, Mystery;7.6;Guy Ritchie
The Blind Side;2009;Biography, Drama, Sport;7.6;John Lee Hancock
The Visitor;2007;Drama;7.6;Tom McCarthy
Seven Pounds;2008;Drama;7.6;Gabriele Muccino
Eastern Promises;2007;Action, Crime, Drama;7.6;David Cronenberg
Stardust;2007;Adventure, Family, Fantasy;7.6;Matthew Vaughn
The Secret of Kells;2009;Animation, Adventure, Family;7.6;Tomm Moore
Inside Man;2006;Crime, Drama, Mystery;7.6;Spike Lee
Gone Baby Gone;2007;Crime, Drama, Mystery;7.6;Ben Affleck
La Vie En Rose;2007;Biography, Drama, Music;7.6;Olivier Dahan
Huo Yuan Jia;2006;Action, Biography, Drama;7.6;Ronny Yu
The Illusionist;2006;Drama, Fantasy, Mystery;7.6;Neil Burger
Dead Man's Shoes;2004;Crime, Drama, Thriller;7.6;Shane Meadows
Harry Potter and the Half-Blood Prince;2009;Action, Adventure, Family;7.6;David Yates
300;2006;Action, Drama;7.6;Zack Snyder
Match Point;2005;Drama, Romance, Thriller;7.6;Woody Allen
Watchmen;2009;Action, Drama, Mystery;7.6;Zack Snyder
Lord of War;2005;Action, Crime, Drama;7.6;Andrew Niccol
Saw;2004;Horror, Mystery, Thriller;7.6;James Wan
Synecdoche, New York;2008;Drama;7.6;Charlie Kaufman
Mysterious Skin;2004;Drama;7.6;Gregg Araki
Jeux d'enfants;2003;Comedy, Drama, Romance;7.6;Yann Samuell
Un long dimanche de fiançailles;2004;Drama, Mystery, Romance;7.6;Jean-Pierre Jeunet
The Station Agent;2003;Comedy, Drama;7.6;Tom McCarthy
21 Grams;2003;Crime, Drama, Thriller;7.6;Alejandro G. Iñárritu
Boksuneun naui geot;2002;Crime, Drama, Thriller;7.6;Chan-wook Park
Finding Neverland;2004;Biography, Drama, Family;7.6;Marc Forster
25th Hour;2002;Drama;7.6;Spike Lee
The Butterfly Effect;2004;Drama, Sci-Fi, Thriller;7.6;Eric Bress
28 Days Later...;2002;Drama, Horror, Sci-Fi;7.6;Danny Boyle
Batoru rowaiaru;2000;Action, Adventure, Drama;7.6;Kinji Fukasaku
The Royal Tenenbaums;2001;Comedy, Drama;7.6;Wes Anderson
Y tu mamá también;2001;Drama;7.6;Alfonso Cuarón
Harry Potter and the Sorcerer's Stone;2001;Adventure, Family, Fantasy;7.6;Chris Columbus
The Others;2001;Horror, Mystery, Thriller;7.6;Alejandro Amenábar
Blow;2001;Biography, Crime, Drama;7.6;Ted Demme
Enemy at the Gates;2001;Drama, History, War;7.6;Jean-Jacques Annaud
Minority Report;2002;Action, Crime, Mystery;7.6;Steven Spielberg
The Hurricane;1999;Biography, Drama, Sport;7.6;Norman Jewison
American Psycho;2000;Comedy, Crime, Drama;7.6;Mary Harron
Lola rennt;1998;Crime, Drama, Thriller;7.6;Tom Tykwer
The Thin Red Line;1998;Drama, War;7.6;Terrence Malick
Mulan;1998;Animation, Adventure, Family;7.6;Tony Bancroft
Fear and Loathing in Las Vegas;1998;Adventure, Comedy, Drama;7.6;Terry Gilliam
Funny Games;1997;Crime, Drama, Thriller;7.6;Michael Haneke
Dark City;1998;Mystery, Sci-Fi, Thriller;7.6;Alex Proyas
Sleepers;1996;Crime, Drama, Thriller;7.6;Barry Levinson
Lost Highway;1997;Mystery, Thriller;7.6;David Lynch
Sense and Sensibility;1995;Drama, Romance;7.6;Ang Lee
Die Hard: With a Vengeance;1995;Action, Adventure, Thriller;7.6;John McTiernan
Dead Man;1995;Adventure, Drama, Fantasy;7.6;Jim Jarmusch
The Bridges of Madison County;1995;Drama, Romance;7.6;Clint Eastwood
Apollo 13;1990;Adventure, Drama, History;7.6;Ron Howard
Trois couleurs: Blanc;1994;Comedy, Drama, Romance;7.6;Krzysztof Kieslowski
Falling Down;1993;Action, Crime, Drama;7.6;Joel Schumacher
Dazed and Confused;1993;Comedy;7.6;Richard Linklater
My Cousin Vinny;1992;Comedy, Crime;7.6;Jonathan Lynn
Omohide poro poro;1991;Animation, Drama, Romance;7.6;Isao Takahata
Delicatessen;1991;Comedy, Crime;7.6;Marc Caro
Home Alone;1990;Comedy, Family;7.6;Chris Columbus
The Godfather: Part III;1990;Crime, Drama;7.6;Francis Ford Coppola
When Harry Met Sally...;1989;Comedy, Drama, Romance;7.6;Rob Reiner
The Little Mermaid;1989;Animation, Family, Fantasy;7.6;Ron Clements
The Naked Gun: From the Files of Police Squad!;1988;Comedy, Crime;7.6;David Zucker
Planes, Trains & Automobiles;1987;Comedy, Drama;7.6;John Hughes
Lethal Weapon;1987;Action, Crime, Thriller;7.6;Richard Donner
Blood Simple;1984;Crime, Drama, Thriller;7.6;Joel Coen
On Golden Pond;1981;Drama;7.6;Mark Rydell
Mad Max 2;1981;Action, Adventure, Sci-Fi;7.6;George Miller
The Warriors;1979;Action, Crime, Thriller;7.6;Walter Hill
The Muppet Movie;1979;Adventure, Comedy, Family;7.6;James Frawley
Escape from Alcatraz;1979;Action, Biography, Crime;7.6;Don Siegel
Watership Down;1978;Animation, Adventure, Drama;7.6;Martin Rosen
Midnight Express;1978;Biography, Crime, Drama;7.6;Alan Parker
Close Encounters of the Third Kind;1977;Drama, Sci-Fi;7.6;Steven Spielberg
The Long Goodbye;1973;Comedy, Crime, Drama;7.6;Robert Altman
Giù la testa;1971;Drama, War, Western;7.6;Sergio Leone
Kelly's Heroes;1970;Adventure, Comedy, War;7.6;Brian G. Hutton
The Jungle Book;1967;Animation, Adventure, Family;7.6;Wolfgang Reitherman
Blowup;1966;Drama, Mystery, Thriller;7.6;Michelangelo Antonioni
A Hard Day's Night;1964;Comedy, Music, Musical;7.6;Richard Lester
Breakfast at Tiffany's;1961;Comedy, Drama, Romance;7.6;Blake Edwards
Giant;1956;Drama, Western;7.6;George Stevens
From Here to Eternity;1953;Drama, Romance, War;7.6;Fred Zinnemann
Lifeboat;1944;Drama, War;7.6;Alfred Hitchcock
The 39 Steps;1935;Crime, Mystery, Thriller;7.6;Alfred Hitchcock
